{
    "loss": 19.95249366760254,
    "accuracy": 0.5686274766921997
}