{
    "loss": 5.373004913330078,
    "accuracy": 0.5686274766921997
}